{
  "dataset": "default",
  "hourly_distribution": {
    "mean_fraction": [
      0.04167, 0.04167, 0.04167, 0.04167, 0.04167, 0.04167,
      0.04167, 0.04167, 0.04167, 0.04167, 0.04167, 0.04167,
      0.04167, 0.04167, 0.04167, 0.04167, 0.04167, 0.04167,
      0.04167, 0.04167, 0.04167, 0.04167, 0.04167, 0.04167
    ]
  },
  "burst_characteristics": {
    "burst_duration_minutes": {
      "percentiles": {"5": 1, "25": 2, "50": 5, "75": 10, "95": 20}
    },
    "idle_gap_minutes": {
      "percentiles": {"5": 2, "25": 5, "50": 15, "75": 30, "95": 60}
    },
    "connections_per_burst": {
      "percentiles": {"5": 1, "25": 2, "50": 3, "75": 5, "95": 10}
    }
  }
}
